<?xml version="1.0" encoding="UTF-8"?>

<jira-database-config>
  <name>defaultDS</name>
  <delegator-name>default</delegator-name>
  <database-type>hsql</database-type>
  <schema-name>PUBLIC</schema-name>
  <jdbc-datasource>
    <url>jdbc:hsqldb:${jirahome}/database/jiradb</url>
    <driver-class>org.hsqldb.jdbcDriver</driver-class>
    <username>sa</username>
    <password></password>
    <pool-min-size>20</pool-min-size>
    <pool-max-size>20</pool-max-size>
    <pool-max-wait>30000</pool-max-wait>
    <min-evictable-idle-time-millis>4000</min-evictable-idle-time-millis>
    <time-between-eviction-runs-millis>5000</time-between-eviction-runs-millis>
    <pool-max-idle>20</pool-max-idle>
    <pool-remove-abandoned>true</pool-remove-abandoned>
    <pool-remove-abandoned-timeout>300</pool-remove-abandoned-timeout>
  </jdbc-datasource>
</jira-database-config>
